,Unnamed: 0,data,stato,ricoverati_con_sintomi,terapia_intensiva,totale_ospedalizzati,isolamento_domiciliare,totale_positivi,variazione_totale_positivi,nuovi_positivi,dimessi_guariti,deceduti,casi_da_sospetto_diagnostico,casi_da_screening,totale_casi,tamponi,casi_testati,note,nuovi_tamponi,positivi/tamponi
0,0,2020-02-24T18:00:00,ITA,101,26,127,94,221,0,221,1,7,,,229,4324,,,4324,0.05111008325624422
1,1,2020-02-25T18:00:00,ITA,114,35,150,162,311,90,93,1,10,,,322,8623,,,4299,0.021632937892533146
2,2,2020-02-26T18:00:00,ITA,128,36,164,221,385,74,78,3,12,,,400,9587,,,964,0.08091286307053942
3,3,2020-02-27T18:00:00,ITA,248,56,304,284,588,203,250,45,17,,,650,12014,,,2427,0.10300782859497322
4,4,2020-02-28T18:00:00,ITA,345,64,409,412,821,233,238,46,21,,,888,15695,,,3681,0.06465634338494974
5,5,2020-02-29T18:00:00,ITA,401,105,506,543,1049,228,240,50,29,,,1128,18661,,,2966,0.08091706001348618
6,6,2020-03-01T18:00:00,ITA,639,140,779,798,1577,528,566,83,34,,,1694,21127,,,2466,0.22952149229521493
7,7,2020-03-02T18:00:00,ITA,742,166,908,927,1835,258,342,149,52,,,2036,23345,,,2218,0.15419296663660956
8,8,2020-03-03T18:00:00,ITA,1034,229,1263,1000,2263,428,466,160,79,,,2502,25856,,,2511,0.18558343289526086
9,9,2020-03-04T18:00:00,ITA,1346,295,1641,1065,2706,443,587,276,107,,,3089,29837,,,3981,0.14745038934940968
10,10,2020-03-05T18:00:00,ITA,1790,351,2141,1155,3296,590,769,414,148,,,3858,32362,,,2525,0.30455445544554455
11,11,2020-03-06T18:00:00,ITA,2394,462,2856,1060,3916,620,778,523,197,,,4636,36359,,,3997,0.19464598448836629
12,12,2020-03-07T18:00:00,ITA,2651,567,3218,1843,5061,1145,1247,589,233,,,5883,42062,,pd-IT-0003,5703,0.2186568472733649
13,13,2020-03-08T18:00:00,ITA,3557,650,4207,2180,6387,1326,1492,622,366,,,7375,49937,,,7875,0.18946031746031747
14,14,2020-03-09T18:00:00,ITA,4316,733,5049,2936,7985,1598,1797,724,463,,,9172,53826,,,3889,0.46207251221393675
15,15,2020-03-10T18:00:00,ITA,5038,877,5915,2599,8514,529,977,1004,631,,,10149,60761,,pd-IT-0005,6935,0.1408795962509012
16,16,2020-03-11T17:00:00,ITA,5838,1028,6866,3724,10590,2076,2313,1045,827,,,12462,73154,,nd-IT-0002,12393,0.18663761801016704
17,17,2020-03-12T17:00:00,ITA,6650,1153,7803,5036,12839,2249,2651,1258,1016,,,15113,86011,,,12857,0.20619117990199892
18,18,2020-03-13T17:00:00,ITA,7426,1328,8754,6201,14955,2116,2547,1439,1266,,,17660,97488,,,11477,0.22192210507972468
19,19,2020-03-14T17:00:00,ITA,8372,1518,9890,7860,17750,2795,3497,1966,1441,,,21157,109170,,,11682,0.29934942646807056
20,20,2020-03-15T17:00:00,ITA,9663,1672,11335,9268,20603,2853,3590,2335,1809,,,24747,124899,,,15729,0.22824082904189713
21,21,2020-03-16T17:00:00,ITA,11025,1851,12876,10197,23073,2470,3233,2749,2158,,,27980,137962,,nd-IT-0004;nd-IT-0006,13063,0.24749291893133277
22,22,2020-03-17T17:00:00,ITA,12894,2060,14954,11108,26062,2989,3526,2941,2503,,,31506,148657,,nd-IT-0009,10695,0.3296867695184666
23,23,2020-03-18T17:00:00,ITA,14363,2257,16620,12090,28710,2648,4207,4025,2978,,,35713,165541,,nd-IT-0012;nd-IT-0014,16884,0.24917081260364843
24,24,2020-03-19T17:00:00,ITA,15757,2498,18255,14935,33190,4480,5322,4440,3405,,,41035,182777,,,17236,0.30877233696913436
25,25,2020-03-20T17:00:00,ITA,16020,2655,18675,19185,37860,4670,5986,5129,4032,,,47021,206886,,,24109,0.2482890206976648
26,26,2020-03-21T17:00:00,ITA,17708,2857,20565,22116,42681,4821,6557,6072,4825,,,53578,233222,,,26336,0.24897478736330497
27,27,2020-03-22T17:00:00,ITA,19846,3009,22855,23783,46638,3957,5560,7024,5476,,,59138,258402,,,25180,0.22081016679904686
28,28,2020-03-23T17:00:00,ITA,20692,3204,23896,26522,50418,3780,4789,7432,6077,,,63927,275468,,,17066,0.2806164303293097
29,29,2020-03-24T17:00:00,ITA,21937,3396,25333,28697,54030,3612,5249,8326,6820,,,69176,296964,,,21496,0.24418496464458503
30,30,2020-03-25T17:00:00,ITA,23112,3489,26601,30920,57521,3491,5210,9362,7503,,,74386,324445,,,27481,0.1895855318219861
31,31,2020-03-26T17:00:00,ITA,24753,3612,28365,33648,62013,4492,6153,10361,8165,,,80539,361060,,pd-IT-0007,36615,0.16804588283490374
32,32,2020-03-27T17:00:00,ITA,26029,3732,29761,36653,66414,4401,5959,10950,9134,,,86498,394079,,,33019,0.18047184954117326
33,33,2020-03-28T17:00:00,ITA,26676,3856,30532,39533,70065,3651,5974,12384,10023,,,92472,429526,,,35447,0.16853330324145907
34,34,2020-03-29T17:00:00,ITA,27386,3906,31292,42588,73880,3815,5217,13030,10779,,,97689,454030,,pd-IT-0009,24504,0.21290401567091088
35,35,2020-03-30T17:00:00,ITA,27795,3981,31776,43752,75528,1648,4050,14620,11591,,,101739,477359,,,23329,0.17360366925286125
36,36,2020-03-31T17:00:00,ITA,28192,4023,32215,45420,77635,2107,4053,15729,12428,,,105792,506968,,,29609,0.13688405552365834
37,37,2020-04-01T17:00:00,ITA,28403,4035,32438,48134,80572,2937,4782,16847,13155,,,110574,541423,,,34455,0.13878972572921203
38,38,2020-04-02T17:00:00,ITA,28540,4053,32593,50456,83049,2477,4668,18278,13915,,,115242,581232,,,39809,0.11725991609937451
39,39,2020-04-03T17:00:00,ITA,28741,4068,32809,52579,85388,2339,4585,19758,14681,,,119827,619849,,,38617,0.11873009296423855
40,40,2020-04-04T17:00:00,ITA,29010,3994,33004,55270,88274,2886,4805,20996,15362,,,124632,657224,,,37375,0.128561872909699
41,41,2020-04-05T17:00:00,ITA,28949,3977,32926,58320,91246,2972,4316,21815,15887,,,128948,691461,,,34237,0.12606244706019804
42,42,2020-04-06T17:00:00,ITA,28976,3898,32874,60313,93187,1941,3599,22837,16523,,,132547,721732,,,30271,0.11889266955171617
43,43,2020-04-07T17:00:00,ITA,28718,3792,32510,61557,94067,880,3039,24392,17127,,,135586,755445,,,33713,0.09014326817548127
44,44,2020-04-08T17:00:00,ITA,28485,3693,32178,63084,95262,1195,3836,26491,17669,,,139422,807125,,,51680,0.07422600619195047
45,45,2020-04-09T17:00:00,ITA,28399,3605,32004,64873,96877,1615,4204,28470,18279,,,143626,853369,,,46244,0.09090909090909091
46,46,2020-04-10T17:00:00,ITA,28242,3497,31739,66534,98273,1396,3951,30455,18849,,,147577,906864,,pd-IT-0011,53495,0.07385736984764932
47,47,2020-04-11T17:00:00,ITA,28144,3381,31525,68744,100269,1996,4694,32534,19468,,,152271,963473,,,56609,0.08291967708314932
48,48,2020-04-12T17:00:00,ITA,27847,3343,31190,71063,102253,1984,4092,34211,19899,,,156363,1010193,,dc-IT-0003,46720,0.08758561643835616
49,49,2020-04-13T17:00:00,ITA,28023,3260,31283,72333,103616,1363,3153,35435,20465,,,159516,1046910,,,36717,0.08587302884222567
50,50,2020-04-14T17:00:00,ITA,28011,3186,31197,73094,104291,675,2972,37130,21067,,,162488,1073689,,,26779,0.11098248627655999
51,51,2020-04-15T17:00:00,ITA,27643,3079,30722,74696,105418,1127,2667,38092,21645,,,165155,1117404,,dc-IT-0005,43715,0.06100880704563651
52,52,2020-04-16T17:00:00,ITA,26893,2936,29829,76778,106607,1189,3786,40164,22170,,,168941,1178403,,,60999,0.062066591255594356
53,53,2020-04-17T17:00:00,ITA,25786,2812,28598,78364,106962,355,3493,42727,22745,,,172434,1244108,,,65705,0.05316185982801918
54,54,2020-04-18T17:00:00,ITA,25007,2733,27740,80031,107771,809,3491,44927,23227,,,175925,1305833,,,61725,0.056557310652085864
55,55,2020-04-19T17:00:00,ITA,25033,2635,27668,80589,108257,486,3047,47055,23660,,,178972,1356541,935310.0,,50708,0.0600891378086298
56,56,2020-04-20T17:00:00,ITA,24906,2573,27479,80758,108237,-20,2256,48877,24114,,,181228,1398024,943151.0,dc-IT-0007,41483,0.05438372345298074
57,57,2020-04-21T17:00:00,ITA,24134,2471,26605,81104,107709,-528,2729,51600,24648,,,183957,1450150,971246.0,pd-IT-0013,52126,0.052353911675555385
58,58,2020-04-22T17:00:00,ITA,23805,2384,26189,81510,107699,-10,3370,54543,25085,,,187327,1513251,1015494.0,,63101,0.05340644363797721
59,59,2020-04-23T17:00:00,ITA,22871,2267,25138,81710,106848,-851,2646,57576,25549,,,189973,1579909,1052577.0,pd-IT-0015;pd-IT-0017,66658,0.03969516037084821
60,60,2020-04-24T17:00:00,ITA,22068,2173,24241,82286,106527,-321,3021,60498,25969,,,192994,1642356,1147850.0,dc-IT-0009;dc-IT-0011,62447,0.048377023716111266
61,61,2020-04-25T17:00:00,ITA,21533,2102,23635,82212,105847,-680,2357,63120,26384,,,195351,1707743,1186526.0,,65387,0.03604692064171777
62,62,2020-04-26T17:00:00,ITA,21372,2009,23381,82722,106103,256,2324,64928,26644,,,197675,1757659,1210639.0,dc-IT-0013,49916,0.04655821780591394
63,63,2020-04-27T17:00:00,ITA,20353,1956,22309,83504,105813,-290,1739,66624,26977,,,199414,1789662,1237317.0,,32003,0.05433865575102334
64,64,2020-04-28T17:00:00,ITA,19723,1863,21586,83619,105205,-608,2091,68941,27359,,,201505,1846934,1274871.0,,57272,0.036509987428411786
65,65,2020-04-29T17:00:00,ITA,19210,1795,21005,83652,104657,-548,2086,71252,27682,,,203591,1910761,1313460.0,,63827,0.03268209378476193
66,66,2020-04-30T17:00:00,ITA,18149,1694,19843,81708,101551,-3106,1872,75945,27967,,,205463,1979217,1354901.0,,68456,0.027346032488021504
67,67,2020-05-01T17:00:00,ITA,17569,1578,19147,81796,100943,-608,1965,78249,28236,,,207428,2053425,1398633.0,dc-IT-0015,74208,0.026479624838292366
68,68,2020-05-02T17:00:00,ITA,17357,1539,18896,81808,100704,-239,1900,79914,28710,,,209328,2108837,1429864.0,dc-IT-0017,55412,0.034288601746914026
69,69,2020-05-03T17:00:00,ITA,17242,1501,18743,81436,100179,-525,1389,81654,28884,,,210717,2153772,1456911.0,,44935,0.03091131634583287
70,70,2020-05-04T17:00:00,ITA,16823,1479,18302,81678,99980,-199,1221,82879,29079,,,211938,2191403,1479910.0,dc-IT-0019,37631,0.03244665302543116
71,71,2020-05-05T17:00:00,ITA,16270,1427,17697,80770,98467,-1513,1075,85231,29315,,,213013,2246666,1512121.0,,55263,0.01945243653077104
72,72,2020-05-06T17:00:00,ITA,15769,1333,17102,74426,91528,-6939,1444,93245,29684,,,214457,2310929,1549892.0,dc-IT-0021,64263,0.022470161679348927
73,73,2020-05-07T17:00:00,ITA,15174,1311,16485,73139,89624,-1904,1401,96276,29958,,,215858,2381288,1563557.0,dc-IT-0023,70359,0.019912164755041997
74,74,2020-05-08T17:00:00,ITA,14636,1168,15804,72157,87961,-1663,1327,99023,30201,,,217185,2445063,1608985.0,dc-IT-0025,63775,0.02080752646021168
75,75,2020-05-09T17:00:00,ITA,13834,1034,14868,69974,84842,-3119,1083,103031,30395,,,218268,2514234,1645076.0,,69171,0.015656850414190918
76,76,2020-05-10T17:00:00,ITA,13618,1027,14645,68679,83324,-1518,802,105186,30560,,,219070,2565912,1676460.0,,51678,0.015519176438716668
77,77,2020-05-11T17:00:00,ITA,13539,999,14538,67950,82488,-836,744,106587,30739,,,219814,2606652,1702283.0,,40740,0.01826215022091311
78,78,2020-05-12T17:00:00,ITA,12865,952,13817,67449,81266,-1222,1402,109039,30911,,,221216,2673655,1741903.0,dc-IT-0027,67003,0.020924436219273763
79,79,2020-05-13T17:00:00,ITA,12172,893,13065,65392,78457,-2809,888,112541,31106,,,222104,2735628,1778952.0,,61973,0.0143288206154293
80,80,2020-05-14T17:00:00,ITA,11453,855,12308,64132,76440,-2017,992,115288,31368,,,223096,2807504,1820083.0,dc-IT-0029,71876,0.013801547108909788
81,81,2020-05-15T17:00:00,ITA,10792,808,11600,60470,72070,-4370,789,120205,31610,,,223885,2875680,1859110.0,dc-IT-0031,68176,0.011572987561605257
82,82,2020-05-16T17:00:00,ITA,10400,775,11175,59012,70187,-1883,875,122810,31763,,,224760,2944859,1899767.0,,69179,0.012648347041732318
83,83,2020-05-17T17:00:00,ITA,10311,762,11073,57278,68351,-1836,675,125176,31908,,,225435,3004960,1933272.0,,60101,0.011231094324553667
84,84,2020-05-18T17:00:00,ITA,10207,749,10956,55597,66553,-1798,451,127326,32007,,,225886,3041366,1959373.0,pd-IT-0019,36406,0.012388067900895456
85,85,2020-05-19T17:00:00,ITA,9991,716,10707,54422,65129,-1424,813,129401,32169,,,226699,3104524,1999599.0,dc-IT-0033,63158,0.012872478545869091
86,86,2020-05-20T17:00:00,ITA,9624,676,10300,52452,62752,-2377,665,132282,32330,,,227364,3171719,2038216.0,,67195,0.009896569685244438
87,87,2020-05-21T17:00:00,ITA,9269,640,9909,51051,60960,-1792,642,134560,32486,,,228006,3243398,2078860.0,,71679,0.008956598166827104
88,88,2020-05-22T17:00:00,ITA,8957,595,9552,49770,59322,-1638,652,136720,32616,,,228658,3318778,2121847.0,,75380,0.00864950915362165
89,89,2020-05-23T17:00:00,ITA,8695,572,9267,48485,57752,-1570,669,138840,32735,,,229327,3391188,2164426.0,,72410,0.009239055379091286
90,90,2020-05-24T17:00:00,ITA,8613,553,9166,47428,56594,-1158,531,140479,32785,,,229858,3447012,2198632.0,pd-IT-0021,55824,0.009512037833190027
91,91,2020-05-25T17:00:00,ITA,8185,541,8726,46574,55300,-1294,300,141981,32877,,,230158,3482253,2219308.0,dc-IT-0035,35241,0.008512811781731506
92,92,2020-05-26T17:00:00,ITA,7917,521,8438,44504,52942,-2358,397,144658,32955,,,230555,3539927,2253252.0,,57674,0.00688351770295107
93,93,2020-05-27T17:00:00,ITA,7729,505,8234,42732,50966,-1976,584,147101,33072,,,231139,3607251,2290551.0,,67324,0.008674469728477215
94,94,2020-05-28T17:00:00,ITA,7379,489,7868,40118,47986,-2980,593,150604,33142,,,231732,3683144,2330389.0,,75893,0.007813632350809693
95,95,2020-05-29T17:00:00,ITA,7094,475,7569,38606,46175,-1811,516,152844,33229,,,232248,3755279,2368622.0,dc-IT-0037,72135,0.007153254314826368
96,96,2020-05-30T17:00:00,ITA,6680,450,7130,36561,43691,-2484,416,155633,33340,,,232664,3824621,2404673.0,nd-IT-0016,69342,0.005999250093738283
97,97,2020-05-31T17:00:00,ITA,6387,435,6822,35275,42097,-1594,355,157507,33415,,,233019,3878739,2433621.0,pd-IT-0023,54118,0.0065597398277837315
98,98,2020-06-01T17:00:00,ITA,6099,424,6523,34844,41367,-730,178,158355,33475,,,233197,3910133,2451674.0,,31394,0.0056698732241829645
99,99,2020-06-02T17:00:00,ITA,5916,408,6324,33569,39893,-1474,318,160092,33530,,,233515,3962292,2477302.0,,52159,0.0060967426522747755
100,100,2020-06-03T17:00:00,ITA,5742,353,6095,33202,39297,-596,321,160938,33601,,,233836,3999591,2497337.0,,37299,0.008606128850639428
101,101,2020-06-04T17:00:00,ITA,5503,338,5841,32588,38429,-868,177,161895,33689,,,234013,4049544,2524788.0,dc-IT-0039,49953,0.003543330730887034
102,102,2020-06-05T17:00:00,ITA,5301,316,5617,31359,36976,-1453,518,163781,33774,,,234531,4114572,2565258.0,,65028,0.00796579934797318
103,103,2020-06-06T17:00:00,ITA,5002,293,5295,30582,35877,-1099,270,165078,33846,,,234801,4187057,2599294.0,,72485,0.0037249086017796785
104,104,2020-06-07T17:00:00,ITA,4864,287,5151,30111,35262,-615,197,165837,33899,,,234998,4236535,2627188.0,,49478,0.003981567565382594
105,105,2020-06-08T17:00:00,ITA,4729,283,5012,29718,34730,-532,280,166584,33964,,,235278,4263647,2643489.0,,27112,0.010327530244910003
106,106,2020-06-09T17:00:00,ITA,4581,263,4844,28028,32872,-1858,283,168646,34043,,,235561,4318650,2675689.0,dc-IT-0041;dc-IT-0043,55003,0.005145173899605476
107,107,2020-06-10T17:00:00,ITA,4320,249,4569,27141,31710,-1162,202,169939,34114,,,235763,4381349,2713554.0,,62699,0.0032217419735561972
108,108,2020-06-11T17:00:00,ITA,4131,236,4367,26270,30637,-1073,379,171338,34167,,,236142,4443821,2746545.0,,62472,0.006066717889614547
109,109,2020-06-12T17:00:00,ITA,3893,227,4120,24877,28997,-1640,163,173085,34223,,,236305,4514441,2784196.0,dc-IT-0045;dc-IT-0047,70620,0.0023081280090625884
110,110,2020-06-13T17:00:00,ITA,3747,220,3967,23518,27485,-1512,346,174865,34301,,,236651,4564191,2817076.0,dc-IT-0049,49750,0.0069547738693467335
111,111,2020-06-14T17:00:00,ITA,3594,209,3803,22471,26274,-1211,338,176370,34345,,,236989,4620718,2846621.0,,56527,0.005979443451801794
112,112,2020-06-15T17:00:00,ITA,3489,207,3696,22213,25909,-365,303,177010,34371,,,237290,4648825,2864084.0,dc-IT-0051,28107,0.010780232682249972
113,113,2020-06-16T17:00:00,ITA,3301,177,3478,21091,24569,-1340,210,178526,34405,,,237500,4695707,2891846.0,,46882,0.004479331086557741
114,114,2020-06-17T17:00:00,ITA,3113,163,3276,20649,23925,-644,329,179455,34448,,,237828,4773408,2925803.0,dc-IT-0053,77701,0.0042341797402864825
115,115,2020-06-18T17:00:00,ITA,2867,168,3035,20066,23101,-824,333,180544,34514,,,238159,4831562,2958724.0,dc-IT-0055,58154,0.005726175327578498
116,116,2020-06-19T17:00:00,ITA,2632,161,2793,18750,21543,-1558,251,181907,34561,,,238011,4889103,2987294.0,dc-IT-0057;dc-IT-0059,57541,0.004362107019342729
117,117,2020-06-20T17:00:00,ITA,2474,152,2626,18586,21212,-331,262,182453,34610,,,238275,4943825,3017169.0,dc-IT-0061;dc-IT-0063,54722,0.004787836701874932
118,118,2020-06-21T17:00:00,ITA,2314,148,2462,18510,20972,-240,224,182893,34634,,,238499,4984370,3041750.0,,40545,0.005524725613515847
119,119,2020-06-22T17:00:00,ITA,2038,127,2165,18472,20637,-335,218,183426,34657,,,238720,5013342,3057902.0,dc-IT-0065,28972,0.007524506419991716
120,120,2020-06-23T17:00:00,ITA,1853,115,1968,17605,19573,-1064,122,184585,34675,,,238833,5053827,3081127.0,dc-IT-0067;dc-IT-0069,40485,0.0030134617759664073
121,121,2020-06-24T17:00:00,ITA,1610,107,1717,16938,18655,-918,190,186111,34644,,,239410,5107093,3111364.0,dc-IT-0071,53266,0.00356700334171892
122,122,2020-06-25T17:00:00,ITA,1515,103,1618,16685,18303,-352,296,186725,34678,223905.0,15801.0,239706,5163154,3140785.0,,56061,0.0052799628975580175
123,123,2020-06-26T17:00:00,ITA,1356,105,1461,16177,17638,-665,259,187615,34708,223440.0,16521.0,239961,5215922,3169116.0,,52768,0.0049082777440873256
124,124,2020-06-27T17:00:00,ITA,1260,97,1357,15479,16836,-802,175,188584,34716,223262.0,16874.0,240136,5277273,3198837.0,,61351,0.002852439243044123
125,125,2020-06-28T17:00:00,ITA,1160,98,1258,15423,16681,-155,174,188891,34738,223272.0,17038.0,240310,5314619,3220020.0,,37346,0.004659133508273979
126,126,2020-06-29T17:00:00,ITA,1120,96,1216,15280,16496,-185,126,189196,34744,223254.0,17182.0,240436,5341837,3235504.0,,27218,0.004629289440811228
127,127,2020-06-30T17:00:00,ITA,1090,93,1183,14380,15563,-933,142,190248,34767,222901.0,17677.0,240578,5390110,3263975.0,,48273,0.0029416029664615833
128,128,2020-07-01T17:00:00,ITA,1025,87,1112,14143,15255,-308,187,190717,34788,222564.0,18196.0,240760,5445476,3293300.0,,55366,0.003377524112271069
129,129,2020-07-02T17:00:00,ITA,963,82,1045,14015,15060,-195,201,191083,34818,222464.0,18497.0,240961,5498719,3322447.0,,53243,0.003775144150404748
130,130,2020-07-03T17:00:00,ITA,956,79,1035,13849,14884,-176,223,191467,34833,222430.0,18754.0,241184,5548815,3348127.0,,50096,0.004451453209837113
131,131,2020-07-04T17:00:00,ITA,940,71,1011,13610,14621,-263,235,191944,34854,222324.0,19095.0,241419,5600826,3377073.0,,52011,0.00451827498029263
132,132,2020-07-05T17:00:00,ITA,945,74,1019,13623,14642,21,192,192108,34861,222368.0,19243.0,241611,5638288,3398239.0,,37462,0.005125193529443169
133,133,2020-07-06T17:00:00,ITA,946,72,1018,13691,14709,67,208,192241,34869,222410.0,19409.0,241819,5660454,3412010.0,,22166,0.009383740864386899
134,134,2020-07-07T17:00:00,ITA,940,70,1010,13232,14242,-467,138,192815,34899,222292.0,19664.0,241956,5703673,3434500.0,,43219,0.003193040098105
135,135,2020-07-08T17:00:00,ITA,899,71,970,12625,13595,-647,193,193640,34914,222145.0,20004.0,242149,5754116,3463179.0,,50443,0.003826100747378229
136,136,2020-07-09T17:00:00,ITA,871,69,940,12519,13459,-136,229,193978,34926,222106.0,20257.0,242363,5806668,3493126.0,,52552,0.004357588674075202
137,137,2020-07-10T17:00:00,ITA,844,65,909,12519,13428,-31,276,194273,34938,222079.0,20560.0,242639,5854621,3520377.0,,47953,0.00575563572664901
138,138,2020-07-11T17:00:00,ITA,826,67,893,12410,13303,-125,188,194579,34945,221994.0,20833.0,242827,5900552,3545826.0,,45931,0.004093096165988112
139,139,2020-07-12T17:00:00,ITA,776,68,844,12335,13179,-124,234,194928,34954,222036.0,21025.0,243061,5938811,3568887.0,,38259,0.0061162079510703364
140,140,2020-07-13T17:00:00,ITA,768,65,833,12324,13157,-22,169,195106,34967,222074.0,21156.0,243230,5962744,3582893.0,,23933,0.007061379684953829
141,141,2020-07-14T17:00:00,ITA,777,60,837,12082,12919,-238,114,195441,34984,222053.0,21291.0,243344,6004611,3607115.0,,41867,0.002722908257099864
142,142,2020-07-15T17:00:00,ITA,797,57,854,11639,12493,-426,163,196016,34997,222075.0,21431.0,243506,6053060,3635507.0,,48449,0.003364362525542323
143,143,2020-07-16T17:00:00,ITA,750,53,803,11670,12473,-20,230,196246,35017,222079.0,21657.0,243736,6103492,3663596.0,,50432,0.004560596446700507
144,144,2020-07-17T17:00:00,ITA,771,50,821,11635,12456,-17,233,196483,35028,222072.0,21895.0,243967,6154259,3692257.0,,50767,0.004589595603443182
145,145,2020-07-18T17:00:00,ITA,757,50,807,11561,12368,-88,249,196806,35042,222138.0,22078.0,244216,6202524,3719826.0,,48265,0.005159017921889568
146,146,2020-07-19T17:00:00,ITA,743,49,792,11648,12440,72,219,196949,35045,222180.0,22254.0,244434,6238049,3740447.0,,35525,0.006164672765657987
147,147,2020-07-20T17:00:00,ITA,745,47,792,11612,12404,-36,190,197162,35058,222212.0,22412.0,244624,6262302,3754568.0,,24253,0.007834082381561044
148,148,2020-07-21T17:00:00,ITA,732,49,781,11467,12248,-156,129,197431,35073,222232.0,22520.0,244752,6305412,3778483.0,,43110,0.0029923451635351424
149,149,2020-07-22T17:00:00,ITA,724,48,772,11550,12322,74,282,197628,35082,222220.0,22812.0,245032,6354730,3807771.0,,49318,0.005717993430390526
150,150,2020-07-23T17:00:00,ITA,713,49,762,11642,12404,82,306,197842,35092,222279.0,23059.0,245338,6415041,3840789.0,,60311,0.005073701314851354
151,151,2020-07-24T17:00:00,ITA,713,46,759,11542,12301,-103,252,198192,35097,222294.0,23296.0,245590,6468375,3869759.0,,53334,0.004724940938238272
152,152,2020-07-25T17:00:00,ITA,731,41,772,11670,12442,141,275,198320,35102,222348.0,23516.0,245864,6520046,3897818.0,,51671,0.005322134272609394
153,153,2020-07-26T17:00:00,ITA,735,44,779,11786,12565,123,255,198446,35107,222382.0,23736.0,246118,6560572,3922995.0,,40526,0.006292256822780437
154,154,2020-07-27T17:00:00,ITA,740,45,785,11796,12581,16,170,198593,35112,222442.0,23844.0,246286,6586123,3942369.0,,25551,0.00665335994677312
155,155,2020-07-28T17:00:00,ITA,749,40,789,11820,12609,28,212,198756,35123,222473.0,24015.0,246488,6634293,3967710.0,,48170,0.004401079510068507
156,156,2020-07-29T17:00:00,ITA,731,38,769,11847,12616,7,289,199031,35129,222569.0,24207.0,246776,6690311,3998585.0,,56018,0.005159056017708594
157,157,2020-07-30T17:00:00,ITA,748,47,795,11435,12230,-386,386,199796,35132,222720.0,24438.0,247158,6752169,4031981.0,,61858,0.00624009828963109
158,158,2020-07-31T17:00:00,ITA,716,41,757,11665,12422,192,379,199974,35141,222744.0,24793.0,247537,6813113,4061667.0,,60944,0.006218823838277763
159,159,2020-08-01T17:00:00,ITA,705,43,748,11709,12457,35,295,200229,35146,222815.0,25017.0,247832,6873496,4093572.0,,60383,0.00488548101286786
160,160,2020-08-02T17:00:00,ITA,708,42,750,11706,12456,-1,239,200460,35154,222877.0,25193.0,248070,6916765,4118068.0,,43269,0.005523585014675634
161,161,2020-08-03T17:00:00,ITA,734,41,775,11699,12474,18,159,200589,35166,222891.0,25338.0,248229,6940801,4131535.0,,24036,0.0066150773839241134
162,162,2020-08-04T17:00:00,ITA,761,41,802,11680,12482,8,190,200766,35171,222954.0,25465.0,248419,6984589,4155026.0,,43788,0.004339088334703572
163,163,2020-08-05T17:00:00,ITA,764,41,805,11841,12646,164,384,200976,35181,223044.0,25759.0,248803,7041040,4184765.0,,56451,0.006802359568475315
164,164,2020-08-06T17:00:00,ITA,762,42,804,11890,12694,48,402,201323,35187,223113.0,26091.0,249204,7099713,4216934.0,,58673,0.006851533073134151
165,165,2020-08-07T17:00:00,ITA,779,42,821,12103,12924,230,552,201642,35190,223201.0,26555.0,249756,7158909,4247326.0,,59196,0.009324954388810055
166,166,2020-08-08T17:00:00,ITA,771,43,814,12139,12953,29,347,201947,35203,223232.0,26871.0,250103,7212207,4273957.0,,53298,0.0065105632481519005
167,167,2020-08-09T17:00:00,ITA,763,45,808,12455,13263,310,463,202098,35205,223440.0,27126.0,250566,7249844,4296730.0,,37637,0.012301724366979303
168,168,2020-08-10T17:00:00,ITA,779,46,825,12543,13368,105,259,202248,35209,223556.0,27269.0,250825,7276276,4307634.0,,26432,0.009798728813559322
169,169,2020-08-11T17:00:00,ITA,801,49,850,12711,13561,193,412,202461,35215,223674.0,27563.0,251237,7316918,4329697.0,,40642,0.010137296392894051
170,170,2020-08-12T17:00:00,ITA,779,53,832,12959,13791,230,481,202697,35225,223844.0,27869.0,251713,7369576,4357027.0,,52658,0.009134414523908998
171,171,2020-08-13T17:00:00,ITA,786,55,841,13240,14081,290,523,202923,35231,224058.0,28177.0,252235,7420764,4382656.0,,51188,0.010217238415253575
172,172,2020-08-14T17:00:00,ITA,771,56,827,13422,14249,168,574,203326,35234,224319.0,28490.0,252809,7467487,4407524.0,,46723,0.012285170044731716
173,173,2020-08-15T17:00:00,ITA,764,55,819,13587,14406,157,629,203640,35392,224521.0,28917.0,253438,7520610,4433461.0,,53123,0.011840445757957946
174,174,2020-08-16T17:00:00,ITA,787,56,843,13890,14733,327,479,203786,35396,224694.0,29221.0,253915,7557417,4455931.0,,36807,0.013013828891243513
175,175,2020-08-17T17:00:00,ITA,810,58,868,13999,14867,134,320,203968,35400,224812.0,29423.0,254235,7588083,4477310.0,,30666,0.01043500945672732
176,176,2020-08-18T17:00:00,ITA,843,58,901,14188,15089,222,403,204142,35405,224974.0,29662.0,254636,7642059,4509997.0,,53976,0.007466281310211946
177,177,2020-08-19T17:00:00,ITA,866,66,932,14428,15360,271,642,204506,35412,225215.0,30063.0,255278,7713154,4551287.0,,71095,0.0090301708980941
178,178,2020-08-20T17:00:00,ITA,883,68,951,15063,16014,654,845,204686,35418,225516.0,30602.0,256118,7790596,4600949.0,,77442,0.010911391751246094
179,179,2020-08-21T17:00:00,ITA,919,69,988,15690,16678,664,947,204960,35427,225880.0,31185.0,257065,7862592,4645892.0,,71996,0.013153508528251569
180,180,2020-08-22T17:00:00,ITA,924,64,988,16515,17503,825,1071,205203,35430,226320.0,31816.0,258136,7940266,4692505.0,,77674,0.013788397662023328
181,181,2020-08-23T17:00:00,ITA,971,69,1040,17398,18438,935,1210,205470,35437,226810.0,32535.0,259345,8007637,4739968.0,,67371,0.01796024995918125
182,182,2020-08-24T17:00:00,ITA,1045,65,1110,18085,19195,757,953,205662,35441,227128.0,33170.0,260298,8053551,4773326.0,,45914,0.02075619636712114
183,183,2020-08-25T17:00:00,ITA,1058,66,1124,18590,19714,519,878,206015,35445,227292.0,33882.0,261174,8125892,4819124.0,,72341,0.012136962441768845
184,184,2020-08-26T17:00:00,ITA,1055,69,1124,19629,20753,1039,1367,206329,35458,227723.0,34817.0,262540,8219421,4877178.0,,93529,0.014615787616675043
185,185,2020-08-27T17:00:00,ITA,1131,67,1198,20734,21932,1179,1411,206554,35463,228123.0,35826.0,263949,8313445,4934818.0,,94024,0.015006806772738876
186,186,2020-08-28T17:00:00,ITA,1178,74,1252,21783,23035,1103,1462,206902,35472,228553.0,36856.0,265409,8410510,4999953.0,,97065,0.01506207180755164
187,187,2020-08-29T17:00:00,ITA,1168,79,1247,22909,24156,1121,1444,207224,35473,229002.0,37851.0,266853,8509618,5064247.0,,99108,0.014569964079589942
188,188,2020-08-30T17:00:00,ITA,1251,86,1337,23868,25205,1049,1365,207536,35477,229527.0,38691.0,268218,8586341,5117788.0,,76723,0.01779127510655214
189,189,2020-08-31T17:00:00,ITA,1288,94,1382,24696,26078,873,996,207653,35483,229832.0,39382.0,269214,8644859,5160371.0,,58518,0.0170204039782631
190,190,2020-09-01T17:00:00,ITA,1380,107,1487,25267,26754,676,978,207944,35491,230102.0,40087.0,270189,8725909,5214766.0,,81050,0.012066625539790253
191,191,2020-09-02T17:00:00,ITA,1437,109,1546,26271,27817,1063,1326,208201,35497,230504.0,41011.0,271515,8828868,5280948.0,,102959,0.01287891296535514
192,192,2020-09-03T17:00:00,ITA,1505,120,1625,27290,28915,1098,1397,208490,35507,230950.0,41962.0,272912,8921658,5342150.0,,92790,0.015055501670438625
193,193,2020-09-04T17:00:00,ITA,1607,121,1728,28371,30099,1184,1733,209027,35518,231587.0,43057.0,274644,9034743,5414708.0,,113085,0.01532475571472786
194,194,2020-09-05T17:00:00,ITA,1620,121,1741,29453,31194,1095,1694,209610,35533,232219.0,44118.0,276337,9142401,5484345.0,,107658,0.015735012725482545
195,195,2020-09-06T17:00:00,ITA,1683,133,1816,30262,32078,884,1297,210015,35541,232733.0,44901.0,277634,9219257,5538028.0,,76856,0.016875715624024148
196,196,2020-09-07T17:00:00,ITA,1719,142,1861,31132,32993,915,1108,210238,35553,233115.0,45669.0,278784,9271810,5578731.0,,52553,0.021083477632104733
197,197,2020-09-08T17:00:00,ITA,1760,143,1903,31886,33789,796,1370,210801,35563,233555.0,46598.0,280153,9364213,5636663.0,,92403,0.014826358451565425
198,198,2020-09-09T17:00:00,ITA,1778,150,1928,32806,34734,945,1434,211272,35577,234029.0,47554.0,281583,9460203,5699709.0,,95990,0.014939056151682466
199,199,2020-09-10T17:00:00,ITA,1836,164,2000,33708,35708,974,1597,211885,35587,234651.0,48529.0,283180,9554389,5757488.0,,94186,0.016955810842375723
200,200,2020-09-11T17:00:00,ITA,1849,175,2024,34743,36767,1059,1616,212432,35597,235322.0,49474.0,284796,9653269,5818910.0,,98880,0.01634304207119741
201,201,2020-09-12T17:00:00,ITA,1951,182,2133,35370,37503,736,1501,213191,35603,235946.0,50351.0,286297,9745975,5875462.0,,92706,0.01619096930080038
202,202,2020-09-13T17:00:00,ITA,2042,187,2229,36280,38509,1006,1458,213634,35610,236567.0,51186.0,287753,9818118,5924322.0,,72143,0.020209860970572334
203,203,2020-09-14T17:00:00,ITA,2122,197,2319,36868,39187,678,1008,213950,35624,237003.0,51758.0,288761,9863427,5956171.0,,45309,0.022247235648546648
204,204,2020-09-15T17:00:00,ITA,2222,201,2423,37289,39712,525,1229,214645,35633,237475.0,52515.0,289990,9943944,6006675.0,,80517,0.015263857322056212
205,205,2020-09-16T17:00:00,ITA,2285,207,2492,38040,40532,820,1452,215265,35645,238097.0,53345.0,291442,10044551,6064792.0,,100607,0.014432395360163806
206,206,2020-09-17T17:00:00,ITA,2348,212,2560,38853,41413,881,1585,215954,35658,238845.0,54180.0,293025,10146324,6127243.0,,101773,0.015573875192831104
207,207,2020-09-18T17:00:00,ITA,2387,208,2595,39862,42457,1044,1907,216807,35668,239692.0,55240.0,294932,10246163,6187258.0,,99839,0.019100752211059807
208,208,2020-09-19T17:00:00,ITA,2380,215,2595,40566,43161,704,1638,217716,35692,240377.0,56192.0,296569,10349386,6248028.0,,103223,0.01586855642637784
209,209,2020-09-20T17:00:00,ITA,2365,222,2587,41511,44098,937,1587,218351,35707,241017.0,57139.0,298156,10432814,6302761.0,,83428,0.019022390564318932
210,210,2020-09-21T17:00:00,ITA,2475,232,2707,42372,45079,981,1350,218703,35724,241638.0,57868.0,299506,10488676,6342654.0,,55862,0.024166696502094447
211,211,2020-09-22T17:00:00,ITA,2604,239,2843,42646,45489,410,1392,219670,35738,242173.0,58724.0,300897,10575979,6391999.0,,87303,0.015944469262224665
212,212,2020-09-23T17:00:00,ITA,2658,244,2902,43212,46114,625,1640,220665,35758,242958.0,59579.0,302537,10679675,6455762.0,,103696,0.01581546057707144
213,213,2020-09-24T17:00:00,ITA,2731,246,2977,43803,46780,666,1786,221762,35781,243680.0,60643.0,304323,10787694,6520661.0,,108019,0.016534128255214362
214,214,2020-09-25T17:00:00,ITA,2737,244,2981,44737,47718,938,1912,222716,35801,244489.0,61746.0,306235,10894963,6584670.0,,107269,0.017824348134130086
215,215,2020-09-26T17:00:00,ITA,2746,247,2993,45600,48593,875,1869,223693,35818,245365.0,62739.0,308104,10999350,6646695.0,,104387,0.017904528341651738
216,216,2020-09-27T17:00:00,ITA,2846,254,3100,46518,49618,1025,1766,224417,35835,246156.0,63714.0,309870,11087064,6700432.0,,87714,0.020133616070410653
217,217,2020-09-28T17:00:00,ITA,2977,264,3241,47082,50323,705,1494,225190,35851,246842.0,64522.0,311364,11138173,6732777.0,,51109,0.029231642176524682
218,218,2020-09-29T17:00:00,ITA,3048,271,3319,47311,50630,307,1648,226506,35875,247628.0,65383.0,313011,11228358,6786395.0,,90185,0.018273548816322004
219,219,2020-09-30T17:00:00,ITA,3047,280,3327,47936,51263,633,1851,227704,35894,248613.0,66248.0,314861,11333922,6848755.0,,105564,0.01753438672274639
220,220,2020-10-01T17:00:00,ITA,3097,291,3388,49259,52647,1384,2548,228844,35918,249940.0,67469.0,317409,11452158,6916588.0,,118236,0.02155012009878548
221,221,2020-10-02T17:00:00,ITA,3142,294,3436,50561,53997,1350,2499,229970,35941,251377.0,68531.0,319908,11572459,6988317.0,,120301,0.02077289465590477
222,222,2020-10-03T17:00:00,ITA,3205,297,3502,52064,55566,1569,2844,231217,35968,252951.0,69800.0,322751,11691391,7057949.0,,118932,0.02391282413479972
223,223,2020-10-04T17:00:00,ITA,3287,303,3590,53839,57429,1863,2578,231914,35986,254348.0,70981.0,325329,11784105,7117315.0,,92714,0.02780594085035701
224,224,2020-10-05T17:00:00,ITA,3487,323,3810,55093,58903,1474,2257,232681,36002,255576.0,72010.0,327586,11844346,7153866.0,,60241,0.037466177520293485
225,225,2020-10-06T17:00:00,ITA,3625,319,3944,56190,60134,1231,2677,234099,36030,256986.0,73277.0,330263,11944088,7216379.0,,99742,0.0268392452527521
226,226,2020-10-07T17:00:00,ITA,3782,337,4119,58457,62576,2442,3678,235303,36061,258884.0,75056.0,333940,12069402,7296766.0,,125314,0.029350272116443494
227,227,2020-10-08T17:00:00,ITA,3925,358,4283,61669,65952,3376,4458,236363,36083,261304.0,77094.0,338398,12197500,7365751.0,,128098,0.034801480116785584
228,228,2020-10-09T17:00:00,ITA,4086,387,4473,65637,70110,4158,5372,237549,36111,264137.0,79633.0,343770,12326971,7443593.0,,129471,0.04149191710885063
229,229,2020-10-10T17:00:00,ITA,4336,390,4726,70103,74829,4719,5724,238525,36140,267320.0,82174.0,349494,12460055,7523702.0,,133084,0.04301042950317093
230,230,2020-10-11T17:00:00,ITA,4519,420,4939,74136,79075,4246,5456,239709,36166,270510.0,84440.0,354950,12564713,7592410.0,,104658,0.052131705173039805
231,231,2020-10-12T17:00:00,ITA,4821,452,5273,77491,82764,3689,4619,240600,36205,272960.0,86609.0,359569,12650155,7652059.0,,85442,0.054060064137075446
232,232,2020-10-13T17:00:00,ITA,5076,514,5590,81603,87193,4429,5901,242028,36246,276267.0,89200.0,365467,12762699,7722319.0,,112544,0.05243282627239124
233,233,2020-10-14T17:00:00,ITA,5470,539,6009,86436,92445,5252,7332,244065,36289,280479.0,92320.0,372799,12914895,7809920.0,,152196,0.048174722068911144
234,234,2020-10-15T17:00:00,ITA,5796,586,6382,92884,99266,6821,8804,245964,36372,285569.0,96033.0,381602,13077827,7908462.0,,162932,0.054034812068838534
235,235,2020-10-16T17:00:00,ITA,6178,638,6816,100496,107312,8046,10010,247872,36427,291410.0,100201.0,391611,13228204,8000864.0,,150377,0.0665660307094835
236,236,2020-10-17T17:00:00,ITA,6617,705,7322,109613,116935,9623,10925,249127,36474,297983.0,104553.0,402536,13394041,8104190.0,,165837,0.06587794038724772
237,237,2020-10-18T17:00:00,ITA,7131,750,7881,118356,126237,9302,11705,251461,36543,305260.0,108981.0,414241,13540582,8199744.0,,146541,0.07987525675408247
238,238,2020-10-19T17:00:00,ITA,7676,797,8473,125530,134003,7766,9338,252959,36616,310881.0,112697.0,423578,13639444,8265568.0,,98862,0.0944548967247274
239,239,2020-10-20T17:00:00,ITA,8454,870,9324,133415,142739,8736,10874,255005,36705,315734.0,118715.0,434449,13784181,8353248.0,,144737,0.075129372586139
240,240,2020-10-21T17:00:00,ITA,9057,926,9983,145459,155442,12703,15199,257374,36832,324455.0,125193.0,449648,13962029,8459736.0,,177848,0.08546061805586794
241,241,2020-10-22T17:00:00,ITA,9694,992,10686,158616,169302,13860,16079,259456,36968,333450.0,132276.0,465726,14132421,8564608.0,,170392,0.09436475890886896
242,242,2020-10-23T17:00:00,ITA,10549,1049,11598,174404,186002,16700,19143,261808,37059,344414.0,140455.0,484869,14314453,8679107.0,,182032,0.10516282851366793
243,243,2020-10-24T17:00:00,ITA,11287,1128,12415,190767,203182,17180,19644,264117,37210,355768.0,148741.0,504509,14492122,8788780.0,,177669,0.11056515205241207
244,244,2020-10-25T17:00:00,ITA,12006,1208,13214,209027,222241,19059,21273,266203,37338,369359.0,156423.0,525782,14654002,8890656.0,,161880,0.131412157153447
245,245,2020-10-26T17:00:00,ITA,12997,1284,14281,222403,236684,14443,17012,268626,37479,378783.0,164006.0,542789,14778688,8969472.0,,124686,0.13643873410005936
246,246,2020-10-27T17:00:00,ITA,13955,1411,15366,239724,255090,18406,21994,271988,37700,391879.0,172899.0,564778,14953086,9075818.0,,174398,0.12611383158063738
247,247,2020-10-28T17:00:00,ITA,14981,1536,16517,259940,276457,21367,24991,275404,37905,406130.0,183636.0,589766,15152038,9197638.0,,198952,0.1256132132373638
248,248,2020-10-29T17:00:00,ITA,15964,1651,17615,281576,299191,22734,26831,279282,38122,421834.0,194761.0,616595,15353490,9316495.0,,201452,0.1331880547227131
249,249,2020-10-30T17:00:00,ITA,16994,1746,18740,307046,325786,26595,31084,283567,38321,439297.0,208377.0,647674,15568575,9446183.0,,215085,0.14451960852686146
250,250,2020-10-31T17:00:00,ITA,17966,1843,19809,331577,351386,25600,31758,289426,38618,460502.0,218928.0,679430,15784461,9578462.0,,215886,0.14710541674772798
251,251,2020-11-01T17:00:00,ITA,18902,1939,20841,357288,378129,26743,29907,292380,38826,474270.0,235065.0,709335,15967918,9695940.0,,183457,0.16301912709790306
252,252,2020-11-02T17:00:00,ITA,19840,2022,21862,374650,396512,18383,22253,296017,39059,487976.0,243612.0,731588,16103649,9783603.0,,135731,0.16394928203579137
253,253,2020-11-03T17:00:00,ITA,21114,2225,23339,394803,418142,21630,28244,302275,39412,503468.0,256361.0,759829,16285936,9893535.0,,182287,0.1549424808132231
254,254,2020-11-04T17:00:00,ITA,22116,2292,24408,418827,443235,25093,30550,307378,39747,520799.0,269578.0,790377,16497767,10021035.0,,211831,0.144218740410988
255,255,2020-11-05T17:00:00,ITA,23256,2391,25647,446701,472348,29113,34505,312339,40192,541173.0,283706.0,824879,16717651,10155585.0,,219884,0.15692365065216204
256,256,2020-11-06T17:00:00,ITA,24005,2515,26520,472598,499118,26770,37809,322925,40638,562010.0,300671.0,862681,16951896,10290151.0,,234245,0.1614079275971739
257,257,2020-11-07T17:00:00,ITA,25109,2634,27743,504793,532536,33418,39811,328891,41063,583660.0,318830.0,902490,17183569,10427797.0,,231673,0.17184134534451576
258,258,2020-11-08T17:00:00,ITA,26440,2749,29189,529447,558636,26100,32616,335074,41394,601403.0,333701.0,935104,17374713,10547046.0,,191144,0.17063575105679488
259,259,2020-11-09T17:00:00,ITA,27636,2849,30485,542849,573334,14698,25271,345289,41750,614843.0,345530.0,960373,17522438,10635747.0,,147725,0.17106786258250126
260,260,2020-11-10T17:00:00,ITA,28633,2971,31604,558506,590110,16776,35098,363023,42330,636202.0,359261.0,995463,17740196,10765561.0,,217758,0.16117892339202233
261,261,2020-11-11T17:00:00,ITA,29444,3081,32525,580833,613358,23248,32961,372113,42953,657205.0,371219.0,1028424,17965836,10891971.0,,225640,0.146077823081014
262,262,2020-11-12T17:00:00,ITA,29873,3170,33043,602011,635054,21696,37978,387758,43589,674591.0,391810.0,1066401,18200508,11025449.0,,234672,0.1618343901274971
263,263,2020-11-13T17:00:00,ITA,30914,3230,34144,629782,663926,28872,40902,399238,44139,697312.0,409991.0,1107303,18455416,11170324.0,,254908,0.16045789068997443
264,264,2020-11-14T17:00:00,ITA,31398,3306,34704,653731,688435,24509,37255,411434,44683,718482.0,426070.0,1144552,18683111,11305441.0,,227695,0.16361799776016162
265,265,2020-11-15T17:00:00,ITA,32047,3422,35469,677021,712490,24055,33979,420810,45229,736846.0,441683.0,1178529,18878386,11416172.0,,195275,0.1740058891307131
266,266,2020-11-16T17:00:00,ITA,32536,3492,36028,681756,717784,5294,27354,442364,45733,751766.0,454115.0,1205881,19031049,11505254.0,,152663,0.17917897591426868
267,267,2020-11-17T17:00:00,ITA,33074,3612,36686,697124,733810,16026,32191,457798,46464,770282.0,467790.0,1238072,19239507,11620187.0,,208458,0.15442439244356176
268,268,2020-11-18T17:00:00,ITA,33504,3670,37174,705994,743168,9358,34282,481967,47217,784687.0,487665.0,1272352,19474341,11744424.0,,234834,0.14598397165657442
269,269,2020-11-19T17:00:00,ITA,33610,3712,37322,724349,761671,18503,36176,498987,47870,802852.0,505676.0,1308528,19724527,11882821.0,,250186,0.1445964202633241
270,270,2020-11-20T17:00:00,ITA,33957,3748,37705,739471,777176,15505,37242,520022,48569,825417.0,520350.0,1345767,19962604,11999674.0,,238077,0.15642838241409293
271,271,2020-11-21T17:00:00,ITA,34063,3758,37821,753925,791746,14570,34767,539524,49261,844177.0,536354.0,1380531,20199829,12120989.0,,237225,0.14655706607650965
272,272,2020-11-22T17:00:00,ITA,34279,3801,38080,767867,805947,14201,28337,553098,49823,858957.0,549911.0,1408868,20388576,12225850.0,,188747,0.15013218753145746
273,273,2020-11-23T17:00:00,ITA,34697,3810,38507,758342,796849,-9098,22930,584493,50453,870461.0,561334.0,1431795,20537521,12303705.0,,148945,0.15394944442579475
274,274,2020-11-24T17:00:00,ITA,34577,3816,38393,759993,798386,1537,23232,605330,51306,882238.0,572784.0,1455022,20726180,12398952.0,,188659,0.12314281322385892
275,275,2020-11-25T17:00:00,ITA,34313,3848,38161,753536,791697,-6689,25853,637149,52028,896155.0,584719.0,1480874,20956187,12513129.0,,230007,0.11240092692831087
276,276,2020-11-26T17:00:00,ITA,34038,3846,37884,757961,795845,4148,29003,661180,52850,914390.0,595485.0,1509875,21188898,12623390.0,,232711,0.12463098005680866
277,277,2020-11-27T17:00:00,ITA,33684,3782,37466,750427,787893,-7952,28352,696647,53677,928191.0,610026.0,1538217,21411701,12729411.0,,222803,0.12725142839189776
278,278,2020-11-28T17:00:00,ITA,33299,3762,37061,752247,789308,1415,26323,720861,54363,942048.0,622484.0,1564532,21637641,12842250.0,,225940,0.11650438169425512
279,279,2020-11-29T17:00:00,ITA,32879,3753,36632,759139,795771,6463,20648,734503,54904,958832.0,626346.0,1585178,21814575,12922382.0,,176934,0.11669888206902009
280,280,2020-11-30T17:00:00,ITA,33187,3744,36931,751540,788471,-7300,16377,757507,55576,966577.0,634977.0,1601554,21945099,12986634.0,,130524,0.12547117771444333
281,281,2020-12-01T17:00:00,ITA,32811,3663,36474,743471,779945,-8526,19350,784595,56361,971784.0,649117.0,1620901,22127199,13071746.0,,182100,0.10626029654036244
282,282,2020-12-02T17:00:00,ITA,32454,3616,36070,725160,761230,-18715,20709,823335,57045,988470.0,653140.0,1641610,22334342,13167345.0,,207143,0.09997441381074909
283,283,2020-12-03T17:00:00,ITA,31772,3597,35369,724613,759982,-1248,23225,846809,58038,0.0,0.0,1664829,22554389,13264937.0,,220047,0.10554563343285753
284,284,2020-12-04T17:00:00,ITA,31200,3567,34767,722935,757702,-2280,24099,872385,58852,0.0,0.0,1688939,22767130,13348068.0,,212741,0.11327858757832293
285,285,2020-12-05T17:00:00,ITA,30158,3517,33675,720494,754169,-3533,21052,896308,59514,0.0,0.0,1709991,22962114,13435624.0,,194984,0.10796783325811349
286,286,2020-12-06T17:00:00,ITA,30391,3454,33845,721461,755306,1137,18887,913494,60078,0.0,0.0,1728878,23125664,13510154.0,,163550,0.11548150412717824
287,287,2020-12-07T17:00:00,ITA,30524,3382,33906,714913,748819,-6487,13720,933132,60606,0.0,0.0,1742557,23236881,13563263.0,,111217,0.12336243559887428
288,288,2020-12-08T17:00:00,ITA,30081,3345,33426,704099,737525,-11294,14842,958629,61240,0.0,0.0,1757394,23386113,13622814.0,,149232,0.09945588077624103
